id,name,type,discount_percent,tile_count,current_gross_cents,current_final_cents,new_gross_cents,new_final_cents,delta_cents,delta_percent,tier_1_tiles,tier_2_tiles,tier_3_tiles,tier_4_tiles,tier_5_tiles,tier_1_charged_tiles,tier_2_charged_tiles,tier_3_charged_tiles,tier_4_charged_tiles,tier_5_charged_tiles
world,World,world,50,217324,1794819,897409,1796478,898239,830,0.09,101313,32437,42913,32838,7823,20294,15078,23361,21776,5660
africa,Africa,continent,50,3905,310439,155219,310439,155219,0,0.0,603,749,1349,963,241,574,714,1326,952,241
asia,Asia,continent,50,10041,524600,262300,525227,262613,313,0.12,3086,1770,2277,2179,729,2810,1679,2206,2157,729
australia,Australia,continent,50,1201,42262,21131,42262,21131,0,0.0,627,286,171,89,28,598,272,166,89,28
europe,Europe,continent,50,1630,89930,44965,89933,44966,1,0.0,73,240,541,657,119,51,215,527,648,119
north_america,North America,continent,50,6400,175665,87832,174750,87375,-457,-0.52,3908,887,919,591,95,3122,866,904,584,95
south_america,South America,continent,50,2426,194127,97063,194127,97063,0,0.0,253,514,934,597,128,218,510,925,591,128
african_great_lakes,African Great Lakes,macro_region,30,679,74712,52298,74712,52298,0,0.0,7,96,287,227,62,7,96,287,227,62
andean_south_america,Andean South America,macro_region,30,970,71581,50107,71581,50107,0,0.0,140,206,312,248,64,111,204,306,243,64
balkans,Balkans,macro_region,30,225,16391,11474,16391,11474,0,0.0,1,12,69,114,29,0,10,68,113,29
baltics,Baltics,macro_region,30,74,4121,2885,4121,2885,0,0.0,0,10,34,23,7,0,9,34,23,7
canada,Canada,macro_region,30,3152,52433,36703,53517,37462,759,2.07,2331,454,224,120,23,2182,448,222,119,23
caribbean,Caribbean,macro_region,30,193,6232,4362,6232,4362,0,0.0,6,29,73,63,22,3,21,67,61,22
caucasus,Caucasus,macro_region,30,61,5930,4151,5930,4151,0,0.0,0,0,15,33,13,0,0,14,33,13
central_africa,Central Africa,macro_region,30,896,83118,58183,83118,58183,0,0.0,89,178,352,222,55,89,175,350,221,55
central_asia,Central Asia,macro_region,30,775,48976,34283,48976,34283,0,0.0,86,227,255,169,38,86,227,255,169,38
central_europe,Central Europe,macro_region,30,255,22151,15506,22151,15506,0,0.0,0,1,50,167,37,0,1,50,166,37
china,China,macro_region,30,1599,142572,99800,142572,99800,0,0.0,186,230,384,503,296,180,230,380,499,296
east_africa,East Africa,macro_region,30,1042,93005,65103,93005,65103,0,0.0,36,174,442,318,72,17,161,428,315,72
east_asia,East Asia,macro_region,30,2065,159059,111341,159059,111341,0,0.0,272,343,497,621,332,253,327,473,608,332
eastern_australia,Eastern Australia,macro_region,30,496,22078,15455,22078,15455,0,0.0,160,149,112,58,17,158,143,110,58,17
eastern_canada,Eastern Canada,macro_region,30,807,21869,15308,21848,15294,-14,-0.09,423,187,111,70,16,395,183,109,69,16
eastern_europe,Eastern Europe,macro_region,30,400,34032,23822,34032,23822,0,0.0,0,0,115,230,55,0,0,115,229,55
guianas,Guianas,macro_region,30,92,5753,4027,5753,4027,0,0.0,18,27,28,15,4,18,27,28,15,4
gulf_states,Gulf States,macro_region,30,387,29837,20886,29837,20886,0,0.0,54,76,126,96,35,54,73,124,96,35
horn_of_africa,Horn of Africa,macro_region,30,292,26258,18381,26258,18381,0,0.0,7,65,118,82,20,6,65,117,82,20
levant,Levant,macro_region,30,248,23396,16377,23396,16377,0,0.0,1,6,59,126,56,1,5,56,126,56
mediterranean_europe,Mediterranean Europe,macro_region,30,525,33305,23313,33305,23313,0,0.0,1,23,192,258,51,0,16,184,252,51
midwestern_united_states,Midwestern United States,macro_region,30,422,29676,20773,29676,20773,0,0.0,8,113,180,107,14,6,113,180,107,14
north_africa,North Africa,macro_region,30,1270,79676,55773,79676,55773,0,0.0,385,262,337,230,56,384,261,333,230,56
northeastern_united_states,Northeastern United States,macro_region,30,125,9777,6844,9777,6844,0,0.0,0,12,47,46,20,0,12,47,46,20
northern_canada,Northern Canada,macro_region,30,1786,12551,8786,13657,9560,774,8.81,1651,99,22,11,3,1535,98,22,11,3
northern_europe,Northern Europe,macro_region,30,718,23277,16294,23280,16296,2,0.01,72,216,240,159,31,51,198,234,157,31
sahel,Sahel,macro_region,30,1102,83783,58648,83783,58648,0,0.0,306,220,326,195,55,306,220,325,195,55
scandinavia,Scandinavia,macro_region,30,515,14216,9951,14219,9953,2,0.02,64,178,165,92,16,50,168,160,90,16
south_asia,South Asia,macro_region,30,846,89787,62851,89787,62851,0,0.0,16,81,194,401,154,13,70,191,399,154
southeast_asia,Southeast Asia,macro_region,30,1163,69657,48760,69657,48760,0,0.0,49,173,439,405,97,26,134,404,400,97
southern_africa,Southern Africa,macro_region,30,842,72588,50812,72588,50812,0,0.0,50,180,322,235,55,49,178,318,233,55
southern_cone,Southern Cone,macro_region,30,758,48413,33889,48413,33889,0,0.0,116,182,279,152,29,93,182,279,149,29
southern_europe,Southern Europe,macro_region,30,452,28781,20147,28781,20147,0,0.0,1,20,152,225,54,0,14,145,218,54
southern_united_states,Southern United States,macro_region,30,432,38977,27284,38977,27284,0,0.0,0,26,195,172,39,0,26,193,171,39
united_states,United States,macro_region,30,2040,106731,74712,106739,74717,5,0.01,539,407,619,405,70,456,397,610,402,70
west_africa,West Africa,macro_region,30,834,72473,50731,72473,50731,0,0.0,179,102,234,235,84,179,98,233,233,84
west_asia,West Asia,macro_region,30,994,85325,59727,85325,59727,0,0.0,64,124,315,368,123,64,118,308,368,123
western_and_central_australia,Western & Central Australia,macro_region,30,774,23291,16304,23291,16304,0,0.0,493,154,71,40,16,466,146,68,40,16
western_canada,Western Canada,macro_region,30,722,21760,15232,21773,15241,9,0.06,352,200,108,52,10,346,199,108,52,10
western_europe,Western Europe,macro_region,30,416,27530,19271,27530,19271,0,0.0,8,33,124,203,48,1,25,121,202,48
western_united_states,Western United States,macro_region,30,1211,41961,29373,41969,29378,5,0.02,532,281,251,125,22,451,271,244,123,22
afghanistan,Afghanistan,country,20,139,13243,10594,13243,10594,0,0.0,2,24,56,38,19,2,24,56,38,19
alabama,Alabama,country,20,39,3853,3082,3853,3082,0,0.0,0,1,19,17,2,0,1,19,17,2
alaska,Alaska,country,20,641,6562,5250,6570,5256,6,0.11,501,101,30,9,0,427,98,29,9,0
alberta,Alberta,country,20,183,7631,6105,7638,6110,5,0.08,59,53,36,27,8,59,53,36,27,8
algeria,Algeria,country,20,368,20941,16753,20941,16753,0,0.0,139,79,79,59,12,139,79,79,59,12
angola,Angola,country,20,207,19849,15879,19849,15879,0,0.0,9,39,83,62,14,9,39,82,62,14
anhui,Anhui,country,20,49,7472,5978,7472,5978,0,0.0,0,0,0,11,38,0,0,0,11,38
argentina,Argentina,country,20,522,37070,29656,37070,29656,0,0.0,49,132,211,105,25,45,132,211,105,25
arizona,Arizona,country,20,62,5658,4526,5658,4526,0,0.0,2,12,24,17,7,2,12,24,17,7
arkansas,Arkansas,country,20,43,4233,3386,4233,3386,0,0.0,0,3,21,14,5,0,3,21,14,5
armenia,Armenia,country,20,21,2581,2065,2581,2065,0,0.0,0,0,1,10,10,0,0,1,10,10
australian_capital_territory_and_jervis_bay,Australian Capital Territory & Jervis Bay,country,20,11,619,495,619,495,0,0.0,0,0,2,5,4,0,0,2,5,4
australian_external_islands,Australian External Islands,country,20,27,344,275,344,275,0,0.0,11,2,5,7,2,1,1,2,7,2
austria,Austria,country,20,41,3965,3172,3965,3172,0,0.0,0,0,10,22,9,0,0,10,22,9
azerbaijan,Azerbaijan,country,20,34,3478,2782,3478,2782,0,0.0,0,0,6,17,11,0,0,6,17,11
bahamas,Bahamas,country,20,58,1503,1202,1503,1202,0,0.0,5,14,22,10,7,3,13,22,10,7
bahrain,Bahrain,country,20,9,1129,903,1129,903,0,0.0,0,0,0,3,6,0,0,0,3,6
bangladesh,Bangladesh,country,20,50,6593,5274,6593,5274,0,0.0,0,0,2,32,16,0,0,2,32,16
beijing,Beijing,country,20,16,2076,1661,2076,1661,0,0.0,0,0,1,6,9,0,0,1,6,9
belarus,Belarus,country,20,75,6180,4944,6180,4944,0,0.0,0,0,28,34,13,0,0,28,34,13
benelux,Benelux,country,20,35,2977,2382,2977,2382,0,0.0,0,0,6,22,7,0,0,6,22,7
benin,Benin,country,20,31,4249,3399,4249,3399,0,0.0,0,0,11,11,9,0,0,11,11,9
bhutan,Bhutan,country,20,26,3006,2405,3006,2405,0,0.0,0,1,8,12,5,0,1,8,12,5
bolivia,Bolivia,country,20,191,17295,13836,17295,13836,0,0.0,15,55,67,39,15,15,55,67,39,15
bosnia_and_herzegovina,Bosnia and Herzegovina,country,20,26,2104,1683,2104,1683,0,0.0,0,0,8,14,4,0,0,8,14,4
botswana,Botswana,country,20,112,8673,6938,8673,6938,0,0.0,15,41,32,18,6,15,41,32,18,6
brazil,Brazil,country,20,1151,104849,83879,104849,83879,0,0.0,80,230,485,291,65,80,228,482,290,65
british_columbia,British Columbia,country,20,297,8923,7138,8929,7143,5,0.07,136,86,46,24,5,130,85,46,24,5
british_indian_ocean_territory,British Indian Ocean Territory,country,20,15,0,0,0,0,0,0.0,8,4,2,1,0,0,0,0,0,0
brunei,Brunei,country,20,16,595,476,595,476,0,0.0,5,1,5,3,2,0,0,4,3,2
bulgaria,Bulgaria,country,20,45,4231,3385,4231,3385,0,0.0,0,0,9,22,14,0,0,9,21,14
burkina_faso,Burkina Faso,country,20,69,8939,7151,8939,7151,0,0.0,0,0,31,25,13,0,0,31,25,13
burundi,Burundi,country,20,16,2092,1674,2092,1674,0,0.0,0,0,2,9,5,0,0,2,9,5
cabo_verde,Cabo Verde,country,20,20,143,114,143,114,0,0.0,0,5,8,4,3,0,2,8,4,3
california,California,country,20,110,8352,6682,8352,6682,0,0.0,1,12,43,41,13,1,11,41,40,13
cambodia,Cambodia,country,20,49,5425,4340,5425,4340,0,0.0,0,2,17,17,13,0,1,15,17,13
cameroon,Cameroon,country,20,98,12222,9778,12222,9778,0,0.0,0,7,38,36,17,0,7,38,36,17
caribbean_islands,Caribbean Islands,country,20,67,1358,1086,1358,1086,0,0.0,1,11,25,19,11,0,6,23,19,11
central_african_republic,Central African Republic,country,20,112,10160,8128,10160,8128,0,0.0,11,29,49,18,5,11,29,49,18,5
chad,Chad,country,20,215,15642,12514,15642,12514,0,0.0,66,49,64,29,7,66,49,64,29,7
chile,Chile,country,20,255,13396,10717,13396,10717,0,0.0,54,56,78,56,11,37,56,78,53,11
chongqing,Chongqing,country,20,41,5973,4778,5973,4778,0,0.0,0,0,3,15,23,0,0,3,15,23
christmas_island,Christmas Island,country,20,6,71,57,71,57,0,0.0,2,0,0,2,2,0,0,0,0,2
cocos_islands,Cocos Islands,country,20,8,44,35,44,35,0,0.0,5,0,1,0,2,0,0,0,0,2
colombia,Colombia,country,20,211,18810,15048,18810,15048,0,0.0,24,38,63,61,25,23,37,63,61,25
colorado,Colorado,country,20,73,5407,4326,5407,4326,0,0.0,0,29,26,13,5,0,29,26,13,5
comoros,Comoros,country,20,12,357,286,357,286,0,0.0,0,0,7,3,2,0,0,7,3,2
connecticut,Connecticut,country,20,18,1582,1266,1582,1266,0,0.0,0,0,0,11,7,0,0,0,11,7
croatia,Croatia,country,20,43,3132,2506,3132,2506,0,0.0,0,0,15,20,8,0,0,14,20,8
cuba,Cuba,country,20,61,2930,2344,2930,2344,0,0.0,0,3,20,28,10,0,2,20,27,10
cyprus,Cyprus,country,20,12,526,421,526,421,0,0.0,0,0,4,4,4,0,0,3,4,4
czechia,Czechia,country,20,37,3693,2954,3693,2954,0,0.0,0,0,3,24,10,0,0,3,24,10
cote_d_ivoire,Côte d'Ivoire,country,20,68,7985,6388,7985,6388,0,0.0,0,1,24,30,13,0,1,23,30,13
delaware,Delaware,country,20,7,789,631,789,631,0,0.0,0,0,0,1,6,0,0,0,1,6
democratic_republic_of_the_congo,Democratic Republic of the Congo,country,20,344,38628,30902,38628,30902,0,0.0,6,50,144,111,33,6,50,144,111,33
denmark,Denmark,country,20,37,1867,1494,1867,1494,0,0.0,0,1,12,16,8,0,1,12,16,8
district_of_columbia,District of Columbia,country,20,7,774,619,774,619,0,0.0,0,0,1,3,3,0,0,1,3,3
djibouti,Djibouti,country,20,14,1487,1190,1487,1190,0,0.0,0,1,6,4,3,0,1,6,4,3
dominican_republic,Dominican Republic,country,20,20,1337,1070,1337,1070,0,0.0,0,0,2,7,11,0,0,1,7,11
ecuador,Ecuador,country,20,88,6681,5345,6681,5345,0,0.0,15,9,20,30,14,4,9,17,28,14
egypt,Egypt,country,20,182,12189,9751,12189,9751,0,0.0,46,36,43,39,18,45,36,43,39,18
equatorial_guinea,Equatorial Guinea,country,20,24,2033,1626,2033,1626,0,0.0,0,3,5,9,7,0,1,5,9,7
eritrea,Eritrea,country,20,45,3589,2871,3589,2871,0,0.0,1,11,16,11,6,0,11,16,11,6
estonia,Estonia,country,20,39,1715,1372,1715,1372,0,0.0,0,8,17,10,4,0,8,17,10,4
eswatini,Eswatini,country,20,19,2209,1767,2209,1767,0,0.0,0,0,2,8,9,0,0,2,8,9
ethiopia,Ethiopia,country,20,183,19389,15511,19389,15511,0,0.0,3,34,74,59,13,3,34,74,59,13
falkland_islands,Falkland Islands,country,20,23,156,125,156,125,0,0.0,13,5,1,2,2,11,5,1,2,2
finland,Finland,country,20,151,4889,3911,4898,3918,7,0.18,15,49,53,30,4,15,49,52,30,4
florida,Florida,country,20,61,4161,3329,4161,3329,0,0.0,0,3,23,25,10,0,3,23,24,10
france,France,country,20,152,11280,9024,11280,9024,0,0.0,0,4,55,74,19,0,3,53,74,19
french_guiana,French Guiana,country,20,26,1580,1264,1580,1264,0,0.0,4,8,7,6,1,4,8,7,6,1
fujian,Fujian,country,20,41,4866,3893,4866,3893,0,0.0,0,0,0,16,25,0,0,0,15,25
gabon,Gabon,country,20,65,6063,4850,6063,4850,0,0.0,0,13,24,17,11,0,13,24,17,11
gambia,Gambia,country,20,13,1271,1017,1271,1017,0,0.0,0,0,1,8,4,0,0,1,8,4
gansu,Gansu,country,20,123,12012,9610,12012,9610,0,0.0,6,19,36,39,23,6,19,36,39,23
georgia,Georgia,country,20,43,4490,3592,4490,3592,0,0.0,0,0,18,19,6,0,0,18,19,6
georgia_country,Georgia,country,20,34,3280,2624,3280,2624,0,0.0,0,0,10,17,7,0,0,9,17,7
germany,Germany,country,20,110,9553,7642,9553,7642,0,0.0,0,1,17,70,22,0,1,17,69,22
ghana,Ghana,country,20,59,6796,5437,6796,5437,0,0.0,0,0,20,22,17,0,0,20,21,17
greece,Greece,country,20,83,3719,2975,3719,2975,0,0.0,1,12,34,28,8,0,10,34,28,8
greenland,Greenland,country,20,1142,4000,3200,2013,1610,-1590,-49.69,1081,45,10,6,0,533,43,8,6,0
guangdong,Guangdong,country,20,53,6233,4986,6233,4986,0,0.0,0,0,0,20,33,0,0,0,18,33
guangxi,Guangxi,country,20,65,8768,7014,8768,7014,0,0.0,0,0,9,26,30,0,0,9,26,30
guinea,Guinea,country,20,61,6765,5412,6765,5412,0,0.0,0,2,25,24,10,0,2,25,23,10
guinea_bissau,Guinea-Bissau,country,20,22,1969,1575,1969,1575,0,0.0,0,0,7,11,4,0,0,7,11,4
guizhou,Guizhou,country,20,50,6816,5453,6816,5453,0,0.0,0,0,10,23,17,0,0,10,23,17
guyana,Guyana,country,20,55,3623,2898,3623,2898,0,0.0,11,15,16,10,3,11,15,16,10,3
hainan,Hainan,country,20,17,1191,953,1191,953,0,0.0,0,0,1,7,9,0,0,0,7,9
haiti,Haiti,country,20,21,1101,881,1101,881,0,0.0,0,2,4,7,8,0,1,4,7,8
hawaii,Hawaii,country,20,37,180,144,180,144,0,0.0,7,10,14,6,0,0,5,10,5,0
hebei,Hebei,country,20,65,7713,6170,7713,6170,0,0.0,0,1,9,30,25,0,1,9,30,25
heilongjiang,Heilongjiang,country,20,133,10568,8454,10568,8454,0,0.0,0,17,53,51,12,0,17,53,51,12
henan,Henan,country,20,55,8224,6579,8224,6579,0,0.0,0,0,1,16,38,0,0,1,16,38
himalayan_disputed_territories,Himalayan Disputed Territories,country,20,99,9516,7613,9516,7613,0,0.0,7,18,30,29,15,7,18,30,29,15
hong_kong,Hong Kong,country,20,8,1134,907,1134,907,0,0.0,0,0,0,0,8,0,0,0,0,8
hubei,Hubei,country,20,61,8879,7103,8879,7103,0,0.0,0,0,2,25,34,0,0,2,25,34
hunan,Hunan,country,20,59,8897,7118,8897,7118,0,0.0,0,0,4,22,33,0,0,4,22,33
hungary,Hungary,country,20,40,4026,3221,4026,3221,0,0.0,0,0,5,26,9,0,0,5,26,9
iceland,Iceland,country,20,69,792,634,784,627,-7,-1.1,22,25,15,7,0,18,24,14,7,0
idaho,Idaho,country,20,71,4918,3934,4918,3934,0,0.0,3,23,25,16,4,3,23,25,16,4
illinois,Illinois,country,20,49,4842,3874,4842,3874,0,0.0,0,0,19,22,8,0,0,19,22,8
india,India,country,20,574,66548,53238,66548,53238,0,0.0,10,37,93,304,130,9,29,93,304,130
indiana,Indiana,country,20,37,3878,3102,3878,3102,0,0.0,0,0,13,18,6,0,0,13,18,6
indonesia,Indonesia,country,20,630,28503,22802,28503,22802,0,0.0,39,138,230,179,44,25,112,212,177,44
iowa,Iowa,country,20,44,4105,3284,4105,3284,0,0.0,0,1,22,18,3,0,1,22,18,3
iran,Iran,country,20,296,29475,23580,29475,23580,0,0.0,2,27,102,119,46,2,27,102,119,46
iraq,Iraq,country,20,100,11444,9155,11444,9155,0,0.0,2,9,23,38,28,2,9,23,38,28
ireland,Ireland,country,20,42,1472,1178,1472,1178,0,0.0,1,7,15,13,6,0,6,15,13,6
israel,Israel,country,20,20,2145,1716,2145,1716,0,0.0,0,0,3,7,10,0,0,3,7,10
italy,Italy,country,20,130,7066,5653,7066,5653,0,0.0,0,6,44,64,16,0,4,39,60,16
jamaica,Jamaica,country,20,20,409,327,409,327,0,0.0,0,0,7,9,4,0,0,4,8,4
japan,Japan,country,20,205,7506,6005,7506,6005,0,0.0,13,19,55,86,32,0,4,40,79,32
jiangsu,Jiangsu,country,20,37,4970,3976,4970,3976,0,0.0,0,0,0,6,31,0,0,0,6,31
jiangxi,Jiangxi,country,20,53,7917,6334,7917,6334,0,0.0,0,0,1,20,32,0,0,1,20,32
jilin,Jilin,country,20,74,7353,5882,7353,5882,0,0.0,0,0,20,38,16,0,0,20,38,16
jordan,Jordan,country,20,38,4145,3316,4145,3316,0,0.0,1,3,9,12,13,1,3,9,12,13
kansas,Kansas,country,20,70,5680,4544,5680,4544,0,0.0,0,20,28,18,4,0,20,28,18,4
kazakhstan,Kazakhstan,country,20,591,34763,27810,34763,27810,0,0.0,78,178,188,116,31,78,178,188,116,31
kentucky,Kentucky,country,20,42,4352,3482,4352,3482,0,0.0,0,0,17,19,6,0,0,17,19,6
kenya,Kenya,country,20,111,12048,9638,12048,9638,0,0.0,0,19,40,33,19,0,19,40,33,19
kuwait,Kuwait,country,20,21,2745,2196,2745,2196,0,0.0,0,0,3,7,11,0,0,3,7,11
kyrgyzstan,Kyrgyzstan,country,20,64,6039,4831,6039,4831,0,0.0,0,7,24,23,10,0,7,24,23,10
laos,Laos,country,20,69,7807,6246,7807,6246,0,0.0,0,4,32,19,14,0,4,32,19,14
latvia,Latvia,country,20,37,2086,1669,2086,1669,0,0.0,0,5,18,11,3,0,4,18,11,3
lebanon,Lebanon,country,20,16,1774,1419,1774,1419,0,0.0,0,0,0,4,12,0,0,0,4,12
lesotho,Lesotho,country,20,23,2499,1999,2499,1999,0,0.0,0,0,7,7,9,0,0,7,7,9
liaoning,Liaoning,country,20,56,5462,4370,5462,4370,0,0.0,0,0,7,31,18,0,0,7,31,18
liberia,Liberia,country,20,34,3309,2647,3309,2647,0,0.0,0,3,8,15,8,0,2,8,15,8
libya,Libya,country,20,267,12930,10344,12930,10344,0,0.0,111,62,55,31,8,111,62,52,31,8
lithuania,Lithuania,country,20,36,2578,2062,2578,2062,0,0.0,0,0,16,15,5,0,0,16,15,5
louisiana,Louisiana,country,20,54,4655,3724,4655,3724,0,0.0,0,1,22,20,11,0,1,21,20,11
macau,Macau,country,20,6,915,732,915,732,0,0.0,0,0,0,0,6,0,0,0,0,6
madagascar,Madagascar,country,20,124,7549,6039,7549,6039,0,0.0,2,19,69,27,7,1,17,66,27,7
maine,Maine,country,20,40,2257,1806,2257,1806,0,0.0,0,11,16,9,4,0,11,16,9,4
malawi,Malawi,country,20,40,4942,3954,4942,3954,0,0.0,0,0,13,19,8,0,0,13,19,8
malaysia,Malaysia,country,20,113,7381,5905,7381,5905,0,0.0,7,9,35,47,15,2,8,33,47,15
maldives,Maldives,country,20,30,115,92,115,92,0,0.0,3,11,7,8,1,1,8,5,7,1
mali,Mali,country,20,217,17143,13714,17143,13714,0,0.0,67,35,59,43,13,67,35,59,43,13
malta,Malta,country,20,8,301,241,301,241,0,0.0,0,0,3,2,3,0,0,3,2,3
manitoba,Manitoba,country,20,182,4489,3591,4496,3597,6,0.17,117,39,16,7,3,117,39,16,7,3
maryland,Maryland,country,20,25,2323,1858,2323,1858,0,0.0,0,0,6,11,8,0,0,6,11,8
massachusetts,Massachusetts,country,20,20,1521,1217,1521,1217,0,0.0,0,0,3,11,6,0,0,3,11,6
mauritania,Mauritania,country,20,180,11044,8835,11044,8835,0,0.0,64,36,43,28,9,64,36,43,28,9
mauritius,Mauritius,country,20,22,138,110,138,110,0,0.0,4,3,6,7,2,2,1,1,5,2
mayotte,Mayotte,country,20,7,120,96,120,96,0,0.0,0,1,3,2,1,0,0,3,2,1
mexico,Mexico,country,20,384,31783,25426,31783,25426,0,0.0,17,34,143,147,43,6,33,142,144,43
michigan,Michigan,country,20,81,4922,3938,4922,3938,0,0.0,4,20,23,25,9,2,20,23,25,9
minnesota,Minnesota,country,20,78,5492,4394,5492,4394,0,0.0,0,19,33,21,5,0,19,33,21,5
mississippi,Mississippi,country,20,33,3264,2611,3264,2611,0,0.0,0,1,18,10,4,0,1,18,10,4
missouri,Missouri,country,20,54,5353,4282,5353,4282,0,0.0,0,2,24,22,6,0,2,24,22,6
moldova,Moldova,country,20,26,2495,1996,2495,1996,0,0.0,0,0,5,11,10,0,0,5,11,10
mongolia,Mongolia,country,20,355,16425,13140,16425,13140,0,0.0,104,125,80,35,11,104,125,80,35,11
montana,Montana,country,20,107,5989,4791,5989,4791,0,0.0,9,48,31,14,5,9,48,31,14,5
morocco,Morocco,country,20,98,8241,6593,8241,6593,0,0.0,0,9,36,39,14,0,9,36,39,14
mozambique,Mozambique,country,20,158,14744,11795,14744,11795,0,0.0,1,15,70,57,15,1,15,68,57,15
myanmar,Myanmar,country,20,152,14989,11991,14989,11991,0,0.0,2,10,63,66,11,1,7,61,66,11
namibia,Namibia,country,20,168,10350,8280,10350,8280,0,0.0,26,72,46,19,5,25,70,45,19,5
nebraska,Nebraska,country,20,54,3917,3134,3917,3134,0,0.0,2,18,18,14,2,2,18,18,14,2
nei_mongol,Nei Mongol,country,20,296,22758,18206,22758,18206,0,0.0,30,60,90,82,34,30,60,90,82,34
nepal,Nepal,country,20,50,5952,4762,5952,4762,0,0.0,1,4,11,23,11,1,4,11,23,11
nevada,Nevada,country,20,70,5105,4084,5105,4084,0,0.0,5,20,22,18,5,5,20,22,18,5
new_brunswick,New Brunswick,country,20,37,1699,1359,1699,1359,0,0.0,0,15,14,5,3,0,15,14,5,3
new_hampshire,New Hampshire,country,20,20,1725,1380,1725,1380,0,0.0,0,0,7,7,6,0,0,7,7,6
new_jersey,New Jersey,country,20,17,1697,1358,1697,1358,0,0.0,0,0,2,4,11,0,0,2,4,11
new_mexico,New Mexico,country,20,66,5679,4543,5679,4543,0,0.0,1,19,27,11,8,1,19,27,11,8
new_south_wales,New South Wales,country,20,161,8955,7164,8955,7164,0,0.0,35,51,36,25,14,34,50,36,25,14
new_york,New York,country,20,55,5069,4055,5069,4055,0,0.0,0,1,12,24,18,0,1,12,24,18
newfoundland_and_labrador,Newfoundland and Labrador,country,20,159,2696,2157,2675,2140,-17,-0.79,91,41,16,9,2,88,41,16,9,2
niger,Niger,country,20,196,15593,12474,15593,12474,0,0.0,67,32,45,37,15,67,32,45,37,15
nigeria,Nigeria,country,20,145,20691,16553,20691,16553,0,0.0,0,0,34,69,42,0,0,34,69,42
ningxia_hui,Ningxia Hui,country,20,25,3222,2578,3222,2578,0,0.0,0,0,4,10,11,0,0,4,10,11
north_atlantic_islands,North Atlantic Islands,country,20,13,211,169,209,167,-2,-1.18,0,6,2,3,2,0,4,1,3,2
north_carolina,North Carolina,country,20,50,4111,3289,4111,3289,0,0.0,0,0,22,25,3,0,0,22,25,3
north_dakota,North Dakota,country,20,70,4178,3342,4178,3342,0,0.0,1,28,29,11,1,1,28,29,11,1
north_korea,North Korea,country,20,47,4002,3202,4002,3202,0,0.0,0,0,13,24,10,0,0,10,24,10
northern_territory,Northern Territory,country,20,195,6688,5350,6688,5350,0,0.0,127,43,17,8,0,127,43,17,8,0
northwest_territories,Northwest Territories,country,20,558,5158,4126,5318,4254,128,3.1,505,37,11,5,0,476,36,11,5,0
norway,Norway,country,20,199,4669,3735,4680,3744,9,0.24,27,82,54,29,7,17,74,51,27,7
nova_scotia,Nova Scotia,country,20,52,1432,1146,1430,1144,-2,-0.17,4,13,20,12,3,0,10,18,11,3
nunavut,Nunavut,country,20,1205,6764,5411,7743,6194,783,14.47,1128,56,11,7,3,1037,56,11,7,3
ohio,Ohio,country,20,42,3942,3154,3942,3154,0,0.0,0,0,16,19,7,0,0,16,19,7
oklahoma,Oklahoma,country,20,55,5189,4151,5189,4151,0,0.0,0,10,23,16,6,0,10,23,16,6
oman,Oman,country,20,71,4443,3554,4443,3554,0,0.0,12,15,20,18,6,12,15,19,18,6
ontario,Ontario,country,20,267,10352,8282,10352,8282,0,0.0,116,58,44,35,14,113,58,44,35,14
oregon,Oregon,country,20,85,4895,3916,4895,3916,0,0.0,5,21,37,19,3,5,20,37,19,3
pakistan,Pakistan,country,20,241,25122,20098,25122,20098,0,0.0,8,30,71,88,44,8,30,71,88,44
palestine,Palestine,country,20,10,1029,823,1029,823,0,0.0,0,0,0,3,7,0,0,0,3,7
paracel_islands,Paracel Islands,country,20,9,254,203,254,203,0,0.0,1,1,2,1,4,0,1,0,0,4
paraguay,Paraguay,country,20,85,7656,6125,7656,6125,0,0.0,10,22,21,24,8,10,22,21,24,8
pennsylvania,Pennsylvania,country,20,46,4243,3394,4243,3394,0,0.0,0,1,18,15,12,0,1,18,15,12
peru,Peru,country,20,221,18462,14770,18462,14770,0,0.0,13,46,88,56,18,13,45,86,55,18
philippines,Philippines,country,20,161,5746,4597,5746,4597,0,0.0,7,14,61,59,20,0,8,53,57,20
poland,Poland,country,20,94,7700,6160,7700,6160,0,0.0,0,0,22,56,16,0,0,22,56,16
portugal,Portugal,country,20,35,2358,1886,2358,1886,0,0.0,0,1,11,19,4,0,0,11,19,4
prince_edward_island,Prince Edward Island,country,20,18,749,599,749,599,0,0.0,0,3,7,6,2,0,2,7,6,2
qatar,Qatar,country,20,12,1309,1047,1309,1047,0,0.0,0,0,2,5,5,0,0,2,5,5
qinghai,Qinghai,country,20,152,9809,7847,9809,7847,0,0.0,50,34,32,22,14,50,34,32,22,14
queensland,Queensland,country,20,297,12345,9876,12345,9876,0,0.0,129,82,51,29,6,128,80,51,29,6
quebec,Québec,country,20,431,11247,8998,11246,8997,-1,-0.01,259,85,44,31,12,241,85,44,31,12
republic_of_the_congo,Republic of the Congo,country,20,83,8716,6973,8716,6973,0,0.0,0,16,32,21,14,0,16,32,20,14
rhode_island,Rhode Island,country,20,9,609,487,609,487,0,0.0,0,0,0,6,3,0,0,0,6,3
romania,Romania,country,20,76,7237,5790,7237,5790,0,0.0,0,0,18,44,14,0,0,18,44,14
russia,Russia,country,20,4888,127554,102043,128181,102545,502,0.49,2623,943,811,431,80,2401,928,806,430,80
rwanda,Rwanda,country,20,17,2565,2052,2565,2052,0,0.0,0,0,1,7,9,0,0,1,7,9
reunion,Réunion,country,20,7,136,109,136,109,0,0.0,0,0,0,5,2,0,0,0,5,2
saint_helena_ascension_and_tristan_da_cunha,"Saint Helena, Ascension and Tristan da Cunha",country,20,25,1,1,1,1,0,0.0,8,13,1,3,0,0,1,0,0,0
saskatchewan,Saskatchewan,country,20,180,6085,4868,6092,4874,6,0.12,75,56,34,12,3,75,56,34,12,3
saudi_arabia,Saudi Arabia,country,20,313,24592,19674,24592,19674,0,0.0,46,64,105,72,26,46,61,104,72,26
senegal,Senegal,country,20,55,5846,4677,5846,4677,0,0.0,0,1,16,25,13,0,1,16,25,13
serbia,Serbia,country,20,37,3949,3159,3949,3159,0,0.0,0,0,4,20,13,0,0,4,20,13
seychelles,Seychelles,country,20,36,142,114,142,114,0,0.0,17,8,6,4,1,2,0,3,3,1
shaanxi,Shaanxi,country,20,63,8264,6611,8264,6611,0,0.0,0,0,9,30,24,0,0,9,30,24
shandong,Shandong,country,20,56,6270,5016,6270,5016,0,0.0,0,0,1,19,36,0,0,1,19,36
shanghai,Shanghai,country,20,12,1381,1105,1381,1105,0,0.0,0,0,0,3,9,0,0,0,3,9
shanxi,Shanxi,country,20,45,5923,4738,5923,4738,0,0.0,0,0,3,23,19,0,0,3,23,19
sichuan,Sichuan,country,20,113,12986,10389,12986,10389,0,0.0,5,13,25,38,32,5,13,25,38,32
sierra_leone,Sierra Leone,country,20,26,2767,2214,2767,2214,0,0.0,0,0,7,10,9,0,0,7,10,9
singapore,Singapore,country,20,9,796,637,796,637,0,0.0,0,0,0,0,9,0,0,0,0,9
slovakia,Slovakia,country,20,27,2700,2160,2700,2160,0,0.0,0,0,5,14,8,0,0,5,14,8
slovenia,Slovenia,country,20,20,1831,1465,1831,1465,0,0.0,0,0,2,12,6,0,0,2,12,6
somalia,Somalia,country,20,127,10330,8264,10330,8264,0,0.0,3,28,49,34,13,3,28,48,34,13
south_africa,South Africa,country,20,234,19407,15526,19407,15526,0,0.0,13,43,69,79,30,13,43,69,77,30
south_australia,South Australia,country,20,196,7379,5903,7379,5903,0,0.0,110,37,25,17,7,108,37,25,17,7
south_carolina,South Carolina,country,20,31,2923,2338,2923,2338,0,0.0,0,0,13,14,4,0,0,13,14,4
south_dakota,South Dakota,country,20,53,3081,2465,3081,2465,0,0.0,4,24,17,6,2,4,24,17,6,2
south_korea,South Korea,country,20,45,3436,2749,3436,2749,0,0.0,0,1,7,21,16,0,0,6,21,16
south_sudan,South Sudan,country,20,120,11447,9158,11447,9158,0,0.0,6,35,47,26,6,6,35,47,26,6
southwestern_balkans,Southwestern Balkans,country,20,35,3038,2430,3038,2430,0,0.0,0,0,8,21,6,0,0,8,21,6
spain,Spain,country,20,136,9590,7672,9590,7672,0,0.0,0,1,45,73,17,0,0,44,71,17
spratly_islands,Spratly Islands,country,20,9,160,128,160,128,0,0.0,5,0,1,1,2,0,0,0,1,2
sri_lanka,Sri Lanka,country,20,24,1515,1212,1515,1212,0,0.0,0,0,7,12,5,0,0,6,11,5
sudan,Sudan,country,20,299,23421,18737,23421,18737,0,0.0,72,61,95,57,14,72,61,94,57,14
suriname,Suriname,country,20,47,2729,2183,2729,2183,0,0.0,11,12,15,9,0,11,12,15,9,0
sweden,Sweden,country,20,182,6025,4820,6029,4823,3,0.06,14,59,57,39,13,14,58,57,38,13
switzerland,Switzerland,country,20,28,2702,2162,2702,2162,0,0.0,0,0,5,15,8,0,0,5,15,8
syria,Syria,country,20,56,6050,4840,6050,4840,0,0.0,0,2,14,22,18,0,2,14,22,18
sao_tome_and_principe,São Tomé and Príncipe,country,20,11,578,462,578,462,0,0.0,0,2,3,1,5,0,1,2,1,5
taiwan,Taiwan,country,20,52,2121,1697,2121,1697,0,0.0,7,1,6,14,24,1,1,2,11,24
tajikistan,Tajikistan,country,20,57,5674,4539,5674,4539,0,0.0,1,9,15,22,10,1,9,15,22,10
tanzania,Tanzania,country,20,151,17037,13630,17037,13630,0,0.0,0,8,55,66,22,0,8,55,66,22
tasmania,Tasmania,country,20,46,1086,869,1086,869,0,0.0,5,14,17,7,3,5,11,15,7,3
tennessee,Tennessee,country,20,44,4519,3615,4519,3615,0,0.0,0,0,21,18,5,0,0,21,18,5
texas,Texas,country,20,141,14306,11445,14306,11445,0,0.0,0,13,51,55,22,0,13,50,55,22
thailand,Thailand,country,20,124,12129,9703,12129,9703,0,0.0,0,5,57,44,18,0,4,56,44,18
tianjin,Tianjin,country,20,13,1702,1362,1702,1362,0,0.0,0,0,0,4,9,0,0,0,4,9
timor_leste,Timor-Leste,country,20,13,482,386,482,386,0,0.0,0,2,5,6,0,0,1,5,6,0
togo,Togo,country,20,25,3384,2707,3384,2707,0,0.0,0,0,9,6,10,0,0,9,6,10
trinidad_and_tobago,Trinidad and Tobago,country,20,9,389,311,389,311,0,0.0,0,2,3,1,3,0,0,3,1,3
tunisia,Tunisia,country,20,47,3378,2702,3378,2702,0,0.0,0,7,20,18,2,0,6,20,18,2
turkey,Turkey,country,20,185,17224,13779,17224,13779,0,0.0,0,2,37,101,45,0,1,35,101,45
turkmenistan,Turkmenistan,country,20,124,9608,7686,9608,7686,0,0.0,7,30,42,37,8,7,30,42,37,8
uganda,Uganda,country,20,57,7352,5882,7352,5882,0,0.0,0,3,14,23,17,0,3,14,23,17
ukraine,Ukraine,country,20,170,14102,11282,14102,11282,0,0.0,0,0,57,89,24,0,0,57,89,24
united_arab_emirates,United Arab Emirates,country,20,36,3296,2637,3296,2637,0,0.0,1,4,9,14,8,1,4,9,14,8
united_kingdom,United Kingdom,country,20,121,4959,3967,4959,3967,0,0.0,7,22,35,45,12,1,16,34,45,12
uruguay,Uruguay,country,20,47,4255,3404,4255,3404,0,0.0,0,3,21,15,8,0,3,21,15,8
utah,Utah,country,20,58,4222,3378,4222,3378,0,0.0,3,18,23,11,3,3,18,23,11,3
uzbekistan,Uzbekistan,country,20,132,10738,8590,10738,8590,0,0.0,18,22,33,46,13,18,22,33,46,13
venezuela,Venezuela,country,20,165,13347,10678,13347,10678,0,0.0,26,23,46,55,15,26,23,45,55,15
vermont,Vermont,country,20,19,1836,1469,1836,1469,0,0.0,0,0,4,8,7,0,0,4,8,7
victoria,Victoria,country,20,66,4281,3425,4281,3425,0,0.0,1,21,24,14,6,1,21,24,14,6
vietnam,Vietnam,country,20,119,10611,8489,10611,8489,0,0.0,6,1,24,58,30,0,1,18,57,30
virginia,Virginia,country,20,43,3923,3138,3923,3138,0,0.0,0,0,17,19,7,0,0,17,19,7
washington,Washington,country,20,65,4576,3661,4576,3661,0,0.0,0,9,30,24,2,0,9,30,24,2
west_virginia,West Virginia,country,20,32,3063,2450,3063,2450,0,0.0,0,1,15,12,4,0,1,15,12,4
western_australia,Western Australia,country,20,424,11563,9250,11563,9250,0,0.0,282,82,33,19,8,267,75,32,19,8
western_sahara,Western Sahara,country,20,66,3654,2923,3654,2923,0,0.0,9,22,18,13,4,9,22,18,13,4
wisconsin,Wisconsin,country,20,57,4056,3245,4056,3245,0,0.0,0,13,17,21,6,0,13,17,21,6
wyoming,Wyoming,country,20,67,4617,3694,4617,3694,0,0.0,3,23,25,12,4,3,23,25,12,4
xinjiang_uygur,Xinjiang Uygur,country,20,324,21524,17219,21524,17219,0,0.0,56,81,105,66,16,56,81,105,66,16
xizang,Xizang,country,20,215,13569,10855,13569,10855,0,0.0,76,49,48,28,14,76,49,48,28,14
yemen,Yemen,country,20,104,7022,5618,7022,5618,0,0.0,17,22,24,26,15,17,20,23,26,15
yukon,Yukon,country,20,174,2453,1962,2459,1967,5,0.25,141,20,9,4,0,141,20,9,4,0
yunnan,Yunnan,country,20,97,12059,9647,12059,9647,0,0.0,1,3,26,51,16,1,3,26,51,16
zambia,Zambia,country,20,142,15925,12740,15925,12740,0,0.0,1,21,60,42,18,1,21,60,42,18
zhejiang,Zhejiang,country,20,43,5024,4019,5024,4019,0,0.0,0,0,0,14,29,0,0,0,14,29
zimbabwe,Zimbabwe,country,20,87,10153,8122,10153,8122,0,0.0,0,8,35,31,13,0,8,35,31,13
